Tenant,Eigenvector
STARBUCKS COFFEE,0.0685073085768693
WATSONS,0.06850730857686926
CAFE AMAZON,0.06800761664868797
KFC,0.06711068839160812
CROCS,0.0664963648569529
SKECHERS,0.06497955532986512
GIORDANO,0.06450284610045738
SABINA,0.06439049244510388
AIS,0.06438546146123787
TRUE,0.06413473499244957
FUJI JAPANESE RESTAURANT,0.06387042413481775
SWENSEN'S,0.06357889278452207
BOOST JUICE BAR,0.0630047001657098
DAIRY QUEEN,0.06263148909052475
BEAUTRIUM,0.062379202006298144
COWAY,0.0623570876995686
YAYOI,0.062067846221345896
MK RESTAURANTS,0.061966433620069206
POTATO CORNER,0.06144262227903292
ธนาคารกรุงเทพ,0.06130581447845138
AURORA,0.06129489475480888
UNIQLO,0.06092202773935741
ธนาคารกรุงศรีอยุธยา,0.06063792240936527
SIZZLER,0.060527000896885216
YVES ROCHER,0.060518182473954546
BOOTS,0.06039134941053392
KRUNG THAI BANK,0.060375646421441116
BIG CAMERA,0.060366447202631346
KOI THE',0.06032477082258527
BONCHON,0.060150705765548894
AUNTIE ANNE'S,0.060145824690963245
ฮะจิบัง ราเมน,0.05958412984634125
ธนาคารกสิกรไทย,0.059301637736517615
ธนาคารไทยพาณิชย์,0.05889507712145839
ธนาคารออมสิน,0.058143570681365116
FITFLOP,0.05797024498625713
SHABUSHI / ชาบูชิ,0.05796940723296374
XIAOMI,0.057878388762148555
YUEDPAO,0.05786762778416573
ADIDAS,0.05734983054198015
OPPO,0.05732270694459684
JUBILEE,0.05719131245285015
GQ,0.05659123548897346
JASPAL,0.05629792234451365
JIB,0.05628399479339226
BANANA,0.05602844787104526
HUAWEI,0.0559664057352299
ธนาคารทหารไทยธนชาต,0.05592322136114859
GAGA,0.05537890102509021
WACOAL,0.0552209707487697
BATA,0.055176284761894456
MISTER DONUT,0.05500500470895545
CONVERSE,0.054268789989201975
MC JEANS,0.054133274909829845
DYSON,0.05375708099475544
BAR-B-Q PLAZA,0.053502533584601934
B2S,0.05283271980825387
GUESS,0.0528158434718245
HUSH PUPPIES,0.05261001072688634
CC-OO,0.05241471426884644
WRANGLER,0.052157490644622745
GARMIN,0.051877117559520326
LEE,0.051635584915154596
LYN,0.051489687076145756
LEMO,0.051361262590260866
LACOSTE,0.05112387991084354
AKA,0.05109516274502007
G-SHOCK CASIO,0.05086851767076485
POWER BUY,0.050500916853771706
GUY LAROCHE,0.05028706247757858
ARROW,0.050249083502676525
JAY MART,0.04979812908965371
FILA,0.04934747041761161
LEGO,0.04926411236830126
NIKE,0.049178880736980284
MOSHI MOSHI,0.048989312189231214
AMERICAN TOURISTER,0.048941381786237845
G2000,0.04878288396095451
JOCKEY,0.04867211876568635
HOTWHEELS,0.048672118765686334
JOHN HENRY,0.048672118765686334
PHILIPS,0.048672118765686334
ENFANT,0.04867211876568633
FROLINA,0.04867211876568633
PUREEN,0.04867211876568633
TRIUMPH,0.04867211876568632
POLO CLUB,0.04867211876568631
OWNDAYS,0.048512245417710674
CHERILON,0.048420115629523794
ORIENTAL PRINCESS,0.04840749612457329
CALVIN KLEIN,0.048328816088645
HEAVY,0.04822328970759817
PANDORA,0.04805115211615098
SANTAS,0.04782858174553105
PIERRE CARDIN,0.04782858174553104
PLAYBOY,0.04778961937156428
LANCOME,0.04777370468431662
TOMICA,0.047266663148974875
SMIGGLE,0.04726666314897486
ELLE,0.047266663148974854
SHISEIDO,0.04726666314897484
CHOLE,0.04726666314897483
NATURALIZER,0.04723482605951162
LTD,0.04723482605951161
CENTRAL HOME,0.047234826059511605
CENTRAL HOME LOCAL,0.047234826059511605
CUIZIMATE,0.047234826059511605
ELECTROLUX,0.047234826059511605
ESQUIRE,0.047234826059511605
GQ UNDERWEAR,0.047234826059511605
LESASHA,0.047234826059511605
LOTUS,0.047234826059511605
MEYER,0.047234826059511605
AKEMI,0.0472348260595116
ESTEE LAUDER,0.0472348260595116
HAVEN,0.0472348260595116
DNEE,0.04723482605951159
EAZY CLEAN,0.04723482605951159
TEFAL,0.04723482605951159
SANRIO,0.047227774571665236
LYN AROUND,0.047177434105671254
CAMERA,0.04682014259214832
EXPRESSIONS,0.04663539665378711
CARE BEARS,0.0466352227683033
LEVIS,0.04636923395828506
SCHOLL,0.04636923395828506
ADIDAS NEO CREDIT,0.04636923395828505
ABSORBA,0.04636923395828504
PIGEON,0.04636923395828504
CASIO,0.04632303715139347
ANGEL BABY,0.046323037151393465
ELEMENTS,0.04632303715139346
THE KLINIQUE,0.04605775334189762
ชาตรามือ,0.04603908632409971
PASAYA,0.045985363121884
NEW BALANCE,0.04597511746994216
BURBERRY,0.045930610181813755
CHARLES & KEITH,0.045865433209833446
CLARINS,0.04582895471465373
BABY MOBY,0.04582895471465372
POLO WORLD,0.045828954714653716
KANEBO,0.04582895471465371
JOHN LANGFORD,0.04579728696484666
ADIDAS KIDS,0.04570913119079257
NITIPON CLINIC,0.045630183212686234
BKK DIAMOND,0.04549050510952976
AVENT,0.045422221042045345
ANELLO,0.04537825403929652
TOPS SUPERMARKET,0.04535168888638502
LEMONY,0.04532294750868337
KIDDO,0.04523266525489444
LOLITA,0.04522943764739625
MAMYPOKO,0.04520176212879698
ZEBRA,0.04520176212879697
EP,0.045201762128796966
THAMES,0.045114628690433596
TORA,0.04507767720125982
ESP,0.044971460211193866
CLINIQUE,0.04494283024491973
SEECHA,0.0448882531156336
SANRIO LOCAL,0.04488436729303022
Central Department Store,0.044705923383604414
BETTER VISION,0.044679399533871844
ลาวญวน,0.04453156406944334
GUCCI,0.04452714795948056
BOBBI BROWN,0.04437811252914765
VIVO,0.044352028628295063
DEFRY 01,0.044282605215443055
JELLY BUNNY,0.044229040792791594
DAISO,0.04405667551750415
TG FONE,0.0440014352080024
PRO CLEAN,0.0439765309384591
COVERMARK,0.04385730964527053
SHU,0.043776120654134235
HATARI,0.04367693677701663
HELLO KITTY,0.043674686734237786
OCEAN,0.043674686734237786
DEVY,0.04367368593051619
STJAMES,0.04367368593051619
TREND,0.04367368593051618
BSC COSMETOLOGY,0.043624246540748104
YOGURUTO,0.04362011118587076
KRUPS,0.04347634593582647
PAW PATROL,0.04337968413470937
CHICCO,0.04337968413470935
SAMSONITE,0.04322461561396859
ESPADA,0.04316359495658368
CARSON,0.04308097092103253
LAURA MERCIER,0.043080970921032524
GANGNAM CLINIC,0.04305692281399447
JACOB,0.04290736903107659
TOSHIBA,0.042906922850867724
BSC,0.04275096250099973
THE FACE SHOP,0.04272865197563745
SEIKO,0.04258357100670172
JOURNAL,0.042546564710207214
DAVIDOFF,0.04248612738549703
MIXUE,0.042400473259608884
SUPERWARE,0.04228552255746637
TOSHINO,0.04228552255746637
BEARHOUSE,0.04226811649999069
MINI MONO,0.042265174253662705
MAC,0.04223388933700498
PERICO,0.04194619988188039
SAMSUNG,0.04176978467295263
THE PIZZA COMPANY,0.041754227915640124
CAGGIONI,0.041644143097901744
LOCKNLOCK,0.04153463144681728
TPARTNER,0.04148767846095582
OMAZZ,0.04131952700848139
BANDAI,0.041314028121248535
PRADAP,0.041269705484622964
SYLVANIAN FAMILIES,0.041230454830094444
LEVI'S,0.0410556910649636
SFERA,0.041023276728163235
SIMPLICITY,0.040885423463537025
EVERSINCE,0.04081147408190922
OOTOYA,0.04081038118038834
SIRENA,0.04079535854979583
POLOTRAVEL CLUB,0.04078601264115553
GQ JEANS,0.040755482230550005
KOSE,0.04074357402034532
VING,0.040601172768517844
KIPLING,0.04055471429550302
PRIMA GOLD,0.04045694393563591
PUMA,0.04034750735453326
SUPERSPORTS,0.040181592602925094
PEPPER LUNCH,0.04013983588815819
KRISPY KREME,0.039974049344243395
แหลมเจริญูซีฟู้ด,0.03985118651104823
PRIMA ART,0.03979308824252167
MIDO,0.03977774248503165
DAKS,0.03967518250405895
CPS CHAPS,0.03954547320876358
WITH IT,0.0394555810583721
RADO,0.039453267300198984
SKII,0.03934686392855768
DELONGHI,0.03927176637290429
SILVERLIT,0.03917910960035875
VTECH,0.03904463323025879
BEVERLY HILLS POLO CLUB,0.03900262666834809
CLAUDIAS ROMANCE,0.038954862131605705
WISHER TOY,0.0389548621316057
CITY TOYS,0.038899438151637725
KEED,0.03885921024178518
LAMER,0.03870157624934225
IT CITY,0.03863709216217686
BODY GLOVE,0.038587184850577244
HAVAIANAS,0.038532747944683206
ANGEL KIDS,0.03849161530026036
NESPRESSO,0.038469655294865304
MATSUKIYO,0.03845277244495361
NIYOM JEANS,0.038395915037763476
FOF,0.038133339320916074
MONTBLANC,0.0380348644313682
KATSUYA,0.03798218232230952
FIXIFOOT,0.03797236127889985
APEX,0.037915157702359564
DISNEY PRINCESS,0.03790854262798822
EMBIX,0.037873048480079045
FONNEY,0.0378653768455301
MAKOTO,0.03765744971364042
RIP CURL,0.037656370100949056
JESSICA,0.03757255414459802
THE MARC JACOBS,0.03753941133070571
AIIZ,0.03747026510758217
ธนาคารยูโอบีจำกัด (มหาชน),0.03746344609801424
SULWHASOO,0.0374281619545122
KHAKI BROS,0.0374089496113573
ESTIMATE,0.03740358495093553
CUTE PRESS,0.037302541313444675
BWELL,0.03728098108960743
RALPH LAUREN,0.03726842590984722
PANASONIC,0.03704771081147539
KIDS&TEENS,0.0369657552438125
NESTLE,0.0369657552438125
FUKU MATCHA,0.036929041533179933
ZOJIRUSHI,0.036877980751511816
HUGO BOSS,0.036839637305463815
BEYBLADE,0.03682407800478079
DISNEY BABIES,0.03678977053886955
BARBIE,0.03678977053886953
MELISSA & DOUG,0.03678977053886953
UNDERGEAR,0.0366708744547368
GB,0.03663290891356972
THREE,0.03653086648384735
MOTTA,0.0365045216188299
ATM SIAM COMMERCIAL BANK,0.03637351353075216
BVLGARI,0.03625713379972359
กรุงเทพประกันภัย,0.03625530266694809
DISNEY KIDDO,0.03624358100992638
DAPPER,0.03613735327983495
KIEHLS,0.0357744591472557
SOURI,0.03576077618851381
DORTMUEND,0.035688740912390465
FULICO,0.035655569031620274
VANS,0.03562524342695743
MERRIES,0.03558178980133231
PRIMA DIAMOND,0.035575067183716065
EASY PIECES,0.0355601315884459
UIH,0.03550541245487411
ALBEDO,0.035470734772604914
KARDINA ANDRIA,0.03546185261383154
VERSACE,0.03541424132653452
KS KIDS,0.03540898904558394
YSL,0.035369923970878736
JOIE,0.03535780927837764
ALUMNUS WOMEN,0.03533100637829193
BABY STONE,0.03527673889535255
MAJORETE,0.03520222152350614
SAMSONITE RED,0.035100435521088755
DR.PONG,0.03493917199679722
NATURE,0.03490608761121467
SEIKO CLOCK,0.03488078085194885
DUNLOP,0.034796081421174116
EAZY CLEAN LOCAL,0.034780052076149856
ISSEY MIYAKE,0.03455588903557166
SEALY,0.034534743838521606
ROMRAWIN CLINIC,0.03446821580916684
NARS,0.03446733775689835
MUJI,0.03424715279577186
EYE CLASS,0.03421705979758555
COCO ICHIBANYA,0.034167025161943275
BATH&BODY WORKS,0.034138536289132285
I STUDIO,0.03411874192546959
SUSHIRO,0.034057258264353206
NARCISO RODRIGUEZ,0.03402743537624313
ORIENT,0.034023051576148315
MATTEL,0.033838773530030376
CRUISE BY CHRISTIANA,0.03377648375417193
Future Living,0.03371129642433171
CLAUDIA KLEID BLACK&WHITE,0.03346753112004198
MARVEL HASBRO KIDDO,0.03340491409948721
DICKIE TOYS,0.03335067268605808
NA DREAMS,0.03324423972031233
OLINO CREPE & TEA,0.03321810428315465
SQUISHMALLOWS,0.03321288075458986
MARCO POLO,0.03311186279988672
BRAUN,0.033038141727449274
ASICS,0.03301876342352313
PLARAIL,0.03301500725972857
ROOKIE,0.03294591436903251
RAVIPA,0.032730969171985924
DIOR,0.03270817288831131
PACIFIC UNION,0.03268012763004233
REVLON,0.032675349974685956
NERF HASBRO KIDDO,0.032640024277333854
BRIGHT STARTS,0.032601977230560325
BP WORLD,0.0324582956848998
SO SMOOCHIE,0.03245477536477745
CLAUDIA KLEID,0.0323182731582642
HELLO WD,0.032261268065741734
MINIMEX,0.03223378886716886
KAMIMURA,0.032161901852345624
HARA,0.03214708788745833
ROYAL IVY REGATTA,0.032107428304166484
WHITE STORY,0.03210635982434543
BANGKOK GOLDS,0.03195935518427379
ZWILLING,0.03188156017714376
MASARU,0.031868498240254076
ON THE TABLE,0.03185210025590586
MAJOR CINEPLEX,0.031812990642831614
CHANEL,0.03180617291571185
COACH,0.031774124810939844
SISLEY,0.03173494367602178
UOB XPRESS,0.03155807009253854
MO-MO-PARADISE,0.031429776169011166
SHEER BLISS,0.031393690002434735
OFFICE MATE,0.03130111291882673
JEWELLISTA,0.03129846746509091
YAMAZAKI,0.031148798101945478
DTAC HALL,0.031120781346893195
ROVING FOX,0.031052434311934145
GENTLEWOMAN,0.031014553406729976
GIORGIO ARMANI,0.030954227805506922
BREADTALK,0.030924641406466127
MUUNIQUE,0.030856318757301812
PROMTHONG,0.03067139850616316
JEAN PAUL GAULTIER,0.030466127969643306
BOUTON,0.030386083218401347
POLI-CHEM,0.0303614115627074
DELSEY,0.03029811982814137
LANEIGE,0.03028629251713955
RAINFLOWER,0.03023613029285689
LONGINES,0.030231221139071347
ALUMNUS,0.030186687118604033
H&M,0.030149141413678773
AMOR,0.030096645882530994
S&P,0.030051192611666232
CLOVER,0.030028369516899488
MARKS & SPENCER,0.02999108769972812
KENWOOD SMALL,0.029836797546109534
THE NEXT,0.029769259418917844
LUCARIS,0.029720528121835284
DISNEY,0.029679093154716583
LAZBOY,0.029659729434534734
DREAME,0.02962677198969807
OPTIC SQUARE,0.029569030369287513
BABY EINSTEIN,0.0295657360317468
ATM KASIKORN BANK,0.029538067019102388
SKIPHOP,0.029525098612523965
CHESTER'S,0.029441469290010496
MR.D.I.Y.,0.029389715894883886
GQ SOCKS,0.029217875537456733
SKECHERS FOAMIES,0.02919702001794812
LOOKER,0.028890914862182104
COOKEEZ MAKERY HASBRO KIDDO,0.02883581438576637
LUIGI BATANI,0.028739625125390175
DOLCE GABBANA,0.028731164704643847
MARVEL VISION,0.028730467231589445
BOON TONG KEE,0.028648768174491777
ห้างทองหวังโต๊ะกังเยาวราช,0.02864839783741563
SUNGLASS HUT,0.02864127766078921
TAKE TOYS,0.028603485536154265
IMOO,0.028518025867472915
GEDA BABY,0.02850896335946086
CARA,0.028378701373982556
LIYA,0.028360225032332483
BABY FANTASY,0.028340555924086724
UMAY PLUS,0.028317863304636388
POMELO,0.028274984224023247
VIDAL SASSOON,0.028259055310063022
TISSOT,0.028085090271095042
SUPER RICH THAILAND,0.028055780908374302
PLAYDOH HASBRO KIDDO,0.028025270365719265
CUT & CURL,0.028024851175355303
HANKY HOUSE,0.027977223056575826
เซ่งเฮง,0.02794315380109021
GEKO,0.027726037387123387
กรุงศรี เฟิร์สช้อยส์,0.027525135267524665
ธนาคารอาคารสงเคราะห์,0.027520408687328184
ธนาคารไทยเครดิต,0.02751887746341472
PULCINELLA,0.027358078874272468
SE-ED BOOK CENTER,0.02735217344676471
JACK RUSSEL,0.027324691310292613
FOOTWEAR BY DAPPER,0.027313221087227252
LOJEL,0.02722764431094924
SHARP,0.027116608940472575
QUIKSILVER,0.027112721783727523
SAMSUNG MOBILE,0.027089060988858157
MOLTO,0.02689721512431617
ก๋วยเตี๋ยวเรือพระนคร,0.02682167962140274
OVO,0.026812928076667523
MARSHALL,0.02673412420834162
PATRA,0.026651276951085073
NEW ERA,0.026624367066342483
PORNKASEM CLINIC,0.026565057051587085
JELLYCAT,0.026555145702735962
เมืองไทยประกันชีวิต,0.02654828258131026
CITIZEN,0.026541082600213466
TAYWIN ORIGINAL STYLE,0.026515349152670092
KINDEE,0.026476869314216292
THE NORTH FACE,0.026467602613759526
URANUS CLINIC,0.02644321626355743
ROXY,0.02633934139337249
KEEP,0.0262653565020197
NUNA,0.02625062782149766
IBILI,0.026229382006315367
LUIGINA,0.02610706119020181
MANCHESTER,0.02605113452794545
ONE TO TWO COFFEE,0.026045114454834283
ORIGINS,0.026008162967673328
PAY BY P.A.PHONE,0.025995737863205387
FUN CITY,0.025962607916341272
TIGER,0.025840213104373334
EXOTICA,0.025837859358101047
LAMOON,0.025828918989323896
BY NATURE,0.02575740165861791
JOSEPH,0.02563964170885268
LEVIS KIDS,0.025599029964315376
PREM,0.025536441791005095
BOSSINI,0.025465173798267973
OPTICAL 88,0.025460812851501428
SAEMAEUL,0.025386166805116753
ZEN JAPANESE RESTAURANT,0.02535822654783427
CHRISTIANA,0.025340643238449433
GIAN FERRENTE,0.025339958158425255
BABYLISS,0.0253285874136511
DISNEY TAKETOYS,0.025241849127085575
EVISU GENES,0.02521868221614
BERGHOFF,0.025168852147927714
AEON THANA SINSAP,0.02513435433617367
WARRIX,0.025133735220442516
MOSHI AVA,0.02510114569245235
itgo,0.025047348786130606
PAUL FRANK,0.025011840404485106
SANTAFE',0.024945476372015697
LABX,0.02489633445475107
PINNARA,0.024890257285213782
BONBEBE,0.024654641731244112
REV RUNNR,0.024621044505731965
PARENT,0.024612507981876332
SWAROVSKI,0.024597071207198992
FERRENI BLACK,0.024594037067275854
TORY BURCH,0.024565376229134697
SALAD FACTORY,0.024551574499404646
I CARE,0.024550664416280416
JAGUAR,0.024541468456723642
ห้างทองเยาวราชกรุงเทพ,0.024520893792316745
TULIP,0.024469055437125554
MLB,0.024406872269633048
ADVICE,0.02439798470987428
MATINO,0.024363438353919454
YAMAHA MUSIC SCHOOL,0.024297374772833693
SF CINEMA,0.02428295535518331
BAOJI,0.024158088404936096
CATH KIDSTON,0.024130647119127477
TOPS,0.024118276261499025
BANANA MOBILE,0.024116826114797558
NOOYOO,0.024112114263321993
HIGH SCHOOL,0.024065157607909535
INTERLINK,0.02406368912378299
U R THE,0.023981008883702075
AFTER YOU,0.023948889413066245
SIVANNA COLORS,0.023935048182791203
CIERA,0.023800708489186348
ELEMENT 72,0.02378150524732176
KT OPTIC,0.02370436058143282
Nose Tea,0.0236537700530725
MIMOSA,0.023619271387419503
COLD STONE CREAMERY,0.023580790900721297
PHATMOJO,0.02357742308373661
CIMB THAI BANK,0.0235758806493685
AUKA,0.02355250711833473
ZEN,0.023508562644873155
GODMAMI,0.023503537125110097
SAINT ETOILE BY YAMAZAKI,0.02344533001100077
BEABA,0.02340802348065526
CANNON,0.0232418555330544
TO B 1 HAIR STATION,0.02323713380045552
CLEVAMAMA,0.023195120722064522
JO MALONE,0.023157496085431013
PRETTY OVO,0.023155609328015577
BAMBIES,0.02305141669496048
TURBORA,0.023042435204403074
BRAUN SMALL,0.023032772962996502
LEON,0.023029332674054312
MLAB,0.022910983650237603
NGG,0.02282415189612397
LITTLE LIVE PETS PACIFIC,0.022775319451105402
.LIFE,0.022756759506478073
Human Charger,0.022749280994906165
ATM BANGKOK BANK,0.022584049716689345
P PROM ACCESSORIES,0.02248559535798105
MR.JOLLY YOGURT,0.022463863190554146
JOYLIDAY PLUS,0.022450713742391815
DOGENI,0.02243883159900595
HAI DI LAO,0.02243179189196807
HERO KIDS,0.02242978348135803
GRANNY BEN,0.02239601878423721
OTTO SMALL,0.022383757567311362
MARVEL BB TOYS,0.022361366741756757
ELLE HOMME,0.022356044934565805
ELFE,0.022336695870250816
REUNROM,0.022215525207349353
LUMINOX,0.02218015255163312
BIRKENSTOCK,0.02215980617301823
LADY PLUS,0.022114569176183704
Junenycandy,0.022039478786109432
BAKE A WISH,0.022019944800826825
JONES' SALAD,0.0219948852006479
ANDREW BROWN,0.02190068218178827
CROCODILE,0.02183312694231616
LUKFOOK JEWELLERY,0.02182124050112705
ปังสยาม,0.021819058427315557
FITNESS FIRST,0.021811744420245645
กายะจิต,0.021796001401596904
SOFFLIN,0.021785948072893493
LG Subscribe,0.02175571226948076
FOOD PARK,0.021736511289613705
TOMMY HILFIGER,0.02170925769121876
NINETIES DESIGN,0.02167380323780437
CAROLINA HERRERA,0.021628103122183998
MR. SHAKE,0.021593487541993427
WSP,0.02158846317326812
ALBA,0.02158019961735429
MANWOOD,0.021551548376327775
PHILIPS LIGHTING,0.021515708971521483
SUKIYA,0.021441319459293486
ECHOLAC,0.021406191862601294
PRETTY FIT,0.021388773027357533
LUXOPTIC,0.021353144359450682
ATTITUDE MOM,0.02133956859679715
BRUSTA,0.021337182318672255
BOWLING,0.021227727237670448
SOBBLE,0.021214943146826554
INFINITY MEDICAL CLINIC,0.02117085949996894
CHELSEE,0.02114552275173188
MIKIKO,0.02114129697896266
ECCO,0.021070631015656746
LOUIS FONTAINE,0.020952065794153298
NUM NOMS,0.020938504816514554
GOLD MASTER,0.020901275755951507
ESTHER BUNNY,0.020857680785450167
USPOLO ASSN,0.02085768078545016
FRN,0.020832546294438432
WHOO,0.020763261088002236
FREEWOOD,0.020739303142467462
BONJOUR,0.02073507990961858
HUA SENG HONG,0.020548382653088046
JIAN CHA,0.020530523465824218
CHAMPION,0.020458763526427177
ร้านไปรษณีย์ไทย,0.020361524944623847
LUMIA,0.020359986103148105
HUGGIES,0.020359067075581955
B SA B,0.020339986205086046
REMINGTON,0.020325252777731045
SANTA BARBARA,0.020269250888852414
LOURSON,0.020218637491555863
ANTA,0.020217347379520554
MONTIPA,0.020202574818058646
CLE DE PEAU BEAUTE,0.020199655062613474
JOLI SNOB,0.020191928195041422
TANITA,0.02009559183051315
STACCATO,0.020043912532411595
THE VIRIYAH INSURANCE,0.019993634009952868
DISNEY JEANS,0.019985680653223255
ELIZABETH,0.019906647599785755
CHONGDEE TEAHOUSE,0.01986208298534895
3M,0.0198479044436845
POKEMON DEES SUPREME,0.019749574418406066
UNDER ARMOUR,0.019741861933090635
ฉันจะกินชาเย็นทุกวัน,0.019734747166585246
DICKIES,0.01970406292838395
BUMKINS,0.019674449749239584
NAUTICA,0.019630183962117874
INFANTINO,0.019630183962117867
LOCCITANE,0.01958229512174306
MC DONALD'S,0.019513300244717705
PACO RABANNE,0.019460365711443876
BANDAI KIDZ&KITZ,0.01945571405105921
HITACHI,0.019414154921387452
TIEWRUASAOWAREE,0.019401383630060928
WIENNA,0.019390660140399446
YAKINIKU LIKE,0.019374499098987846
BLOOMING HOUSE,0.01932221820252438
AQUA COSMETICS,0.01929908478023109
NECA,0.019245404545830555
BALLARINI,0.019168394504851857
ASIA BOOKS,0.019032417703965247
SUKISHI CHARCOAL GRILL,0.019003257681877973
BILLABONG,0.019001540034727555
OXO,0.018938970678254452
CIRCULON,0.018935842402775235
MITH,0.018827307492942952
ธนาคารเกียรตินาคินภัทร,0.01882476500961891
ENERGIZER,0.01880771984958338
PEPPA PIG,0.01880228796177765
CLAUDIA KLEID WEEKEND,0.01879484438177771
Bringhome thebacon,0.018573457961156448
DANIEL WELLINGTON,0.018573457961156444
ANGEL BRA BRA,0.018563764620341393
A'MAZE,0.01844760130816863
ERGOTREND,0.01839823324666516
ZUS COFFEE,0.018199244486005735
KAWAI MUSIC SCHOOL,0.018162997689662633
HELLO KITTY WD,0.018146146386768678
LEAP FROG,0.01809197039464783
HAAGEN-DAZS,0.01808067664529292
HUROM,0.017967533129331713
BOSTANTEN,0.017936980118216598
TELLME,0.017934783851898863
SENSO,0.01792387079846309
PAZZION,0.017872548222170475
DILAVIE,0.017871526714253287
MANGO,0.017812695849425235
AUTO 1,0.017775353882769896
AIS SERENADE,0.017729815753823083
OOFOS,0.017695174644218537
ARTY,0.017665836606397197
GUND KIDDO,0.017644656328075055
SMILEYHOUND,0.017589483971551766
MINISO,0.01750051643198636
IPPUDO,0.017463955682009973
EYE LAB,0.017463125842847635
LUNA,0.017444150520735755
กาแฟพันธุ์ไทย,0.01735644051685554
SUKISHI,0.01732663493961959
V SQUARE CLINIC,0.017326407976515246
คันเซย์ ซูชิ,0.017292770967131006
MARIMEKKO,0.01723964309485058
BABIES GENIUS,0.01721931745182542
COZY N SAFE,0.017171940022630287
BLACK CANYON COFFEE,0.017138464988643045
PENGUIN,0.017087298513931305
KLIN,0.017068782185894867
ALAIN DELON,0.016991334540507864
DONNA CHANG,0.016959601594635568
BARON'S BAR BY THE CHEESE BARON,0.01694557555162018
MINT,0.01692216523319122
FREDERIQUE CONSTANT,0.016880959600781342
REMAX,0.016879725975498392
TISCO BANK,0.016854163579590156
EMPORIO ARMANI,0.01682273222233695
MOS BURGER,0.016787478704110972
MEDELA,0.016786947449623335
MRBIG,0.01667966096765218
CURIOO KIDS,0.016679519417675846
TWIN FISH,0.016644508324733753
K.ACCESSORIES,0.016634895525078776
SPAGHETTI FACTORY,0.01661727684899478
GRISON,0.01659154461835878
OISHI RAMEN/โออิชิ ราเมน,0.016590965251055124
MISSLENS,0.01655696448313915
BABY BRIGHT,0.016534278397326865
SCOOT AND RIDE,0.016524957736790014
ZAAB ELI,0.016482022349614517
ARI FOOTBALL,0.01645084519717577
NYLA,0.01641857864881275
BABI MILD,0.016401210991746386
TEMPUR PEDIC,0.016387490583690784
MODERN AIR,0.016369875636403425
DAVIE JONES,0.016352252212864432
BUTTERFLY THAI PERFUME,0.016292366045590968
UNO COFFEE,0.01626444664819322
AMAXS,0.016207855063873938
RITUALS,0.01618126951137507
HOM,0.01615767258833943
STUDIO 7,0.016155521789184953
ZARA,0.016112770616905567
BLOKEES,0.016078572345288
KIDS STEP,0.01606187009045964
CLOTHVIBES,0.016052489251570913
MERGE,0.015982516207467688
COLUMBIA,0.015906558262635213
SERVICE,0.01590273747577434
FARLIN,0.01587642572534081
PAPA,0.01587642572534081
GENTLE STYLES,0.0158573675587075
คำพูน,0.015839185217014426
PHOTOISM,0.0158024096102674
STRACK YUM,0.01570760179033873
THOMAS WD,0.015633832035781364
SOOD's,0.015587046309881409
MOPLAY,0.015456912156605298
FOODPATIO,0.015453660330563068
PLY,0.015396432856037208
TONKATSU WAKO,0.015304641557474987
CALBEE KAITSUKA,0.015259217191427699
WARAPORN SALAPAO,0.015257559028296354
ASUS,0.01521115683357564
MCM,0.015176404669143037
TIME CLINIC,0.015140320575113315
KYO ROLL EN,0.015049175329919182
NATUR,0.014975824453595772
CLOUD 9,0.014958368751439969
VALENTINO RUDY,0.014923638944084997
ล่าเมียว,0.014915403675930103
LAMPTAN,0.014893545037079053
LILY ROSE,0.014881914525874751
UNDER ME,0.014880669007380562
KAMU TEA,0.01487293461816118
HOLSTER,0.014843589824649856
FOFO,0.014829288274759794
COFFEE WORLD,0.014817457229716946
LABOTTE,0.01480940203513316
FOCUS SHOP,0.01479889604123229
BAIMIANG,0.014775257098183914
HOMEBOY,0.014759480587475615
AKALIKO,0.01475827332030484
CLOUDY,0.014722178198625693
ADDA,0.014599733639676158
KRUNGSRI FIRST CHOICE,0.014595710875058298
TINY LOVE,0.014572831194014238
MAMIL,0.014568066883970868
JIMMY CHOO,0.014505822664160098
GOLD MASTER ELECTRO,0.014427774636782954
HARUKI,0.014317378095538933
SARAMANDA,0.014294463930439191
SOUL SENSE,0.014288309441833666
ELEPH,0.014267990118279146
ANGELINO RUFOLO,0.014225583377375874
TUMRABTHAI,0.01418754686733574
MARCO SPADE,0.014120935433181261
THE ROLLING PINN,0.014062496691559746
KEEN,0.01401589646874244
BEBE PHONE,0.01396519645940071
RUBY STUDIO,0.013946697422411582
YUMEYA,0.013939047601360211
S&P SIMPLY DELICIOUS,0.013920622549282603
HER HYNESS,0.01386642652400545
FOCUS STORE,0.013838991001726041
CRUZY,0.01374912348571038
HONOR,0.013743609483340068
MONARCH,0.013690366973145377
น้ำเต้าหู้ปูปลา,0.01367368187217006
ROYAL YACHT CLUB,0.01366673524128445
SOLSOT,0.01365949780938902
Maitreechit,0.013648222844485273
MUSIC COLLECTION,0.0136015602945406
CANTEEN,0.013545431409495483
P&F,0.01349635435457207
CMP,0.013479410083735223
GREENLIGHT,0.013475648465127315
BENEFIT,0.01347564846512731
KEEPPLEY,0.01343587686321647
ROYAL PORCELAIN,0.013435876863216465
DJI,0.01342821280595923
BALMUDA,0.013408303547248413
TAKARA TOMY,0.013405583390906544
KOFUKU,0.013403788130629422
LE CREUSET,0.013388395606379382
TOM FORD BEAUTY,0.013388395606379382
PAUL MARC,0.013351023330752507
ADIDAS ORIGINAL,0.013255967328560393
SATIN,0.013250729480890568
AVEDA,0.013228574254138358
CARLO BASANO,0.013228574254138358
TAACTIVE,0.013228574254138358
HAMILTON,0.013228574254138356
PLAYGRO,0.013228574254138356
วากาชิ,0.013216168195318944
PORTLAND,0.01318553454631591
RESTER CHAIR,0.013176493275879456
VERRA,0.013154483111910097
SLIP TO SLEEP,0.013147616874990877
VICTORIA SECRET BEAUTY,0.013120847708191427
WAGASHI,0.013120790956109112
MISTY MYNX,0.013118479510794772
SYMPHONY,0.013081637260361103
CozzySayido,0.013078565588753128
ROYAL BONE CHINA,0.01304659538465538
NINTENDO,0.012979750057241172
CORDIAL,0.012967143540608886
VILLAINS SF,0.012961716057765556
GUESS ACCESSORIES,0.0129206596111011
METICULOUS,0.012890768038792156
SEPHORA,0.012885453384124328
OH JUICE,0.012884137841257583
TOEZONE,0.012879850462820508
MOSCHINO,0.012864936624480868
DIOR BACKSTAGE/DIOR,0.012856266718731087
LH BANK,0.012850007211912711
YUGEN,0.012844327641620747
LALUNE MACARON,0.012843220897256294
สำนักงานหนังสือเดินทาง,0.01283758083555091
DUCATI,0.012828803410016191
Robinson Department Store,0.01279875369118127
ABC DESIGN,0.012792898192402282
ROBOCAR POLI,0.012786129804340603
SPORT FLEX BIBI,0.012760998903518254
MILAROSE,0.012760998903518252
BE ME,0.012714540273238832
FRED PERRY,0.012695805924974898
TP TEA,0.01269127591924658
MA SWIMSUIT,0.012688113404992506
BEBE AMICO,0.012680707927408778
JD SPORTS,0.012674638867579156
TRUE INTERNET,0.012663812455371326
ME DESIGN,0.012634701809700966
ESSE,0.0126283438018406
DC,0.012616104772425455
DNO BLOCKS,0.012604943015723931
ERB,0.01258915288371942
TEVA,0.012568463134701913
BATH&BLOOM,0.01253816147158338
VOLCOM,0.012529338613854489
SUDJAI,0.012509663531922425
SOUND CHECK KARAOKE,0.01248088608565862
Anker,0.012463552233181106
GREEN PAN,0.012437397491356184
MICKEY MOUSE,0.012374363451175773
Holen,0.012355848573944218
PEACHY,0.012336060617673067
CHAGEE,0.012331139057494127
POP MART,0.012290277993009488
DART ZONE,0.012288577435107447
URTHE,0.012279206859345181
WILITSAMARA,0.012252480952951287
HOURGLASS,0.01225232956051166
JIM THOMPSON,0.01215424882476419
OSIM,0.01215315789712235
THE A LIST,0.012153157897122348
ORIGANI,0.012141026049501492
TIME MORE,0.012091138463869828
TRANSFORMERS HASBRO KIDDO,0.012073495062158306
YAAKZ SHOP,0.012059686669745629
ลืมต้น,0.012043288313051459
SAWADEE,0.011987902839659205
YOSHINOYA,0.011953414573521637
SHINKANZEN SUSHI,0.011879622970024428
OK APPAREL,0.01186128803275742
APPLE HOUSE,0.011819263722289286
YUAN MING YUAN BEEF RICE NOODLE,0.011790951828489972
BEARBEARY,0.011782197676088667
HEGEN,0.011753084728224554
WILSON,0.011706659725518773
IQ SPORT,0.01169558252212712
22TWENTYTWO.STUDIO,0.011676658932245072
MEX,0.011676533236711266
BEANS Coffee Roaster,0.011674986496443501
KEDS,0.011666240911799089
Rojwasin Illustration,0.011650354900663207
MILLE,0.011641278085713962
LIVERPOOL,0.011639267605857923
ดวงเศรษฐี,0.011626059496799911
REST N GO,0.0116197912677037
PAJARA,0.011601072898471091
PHOENIX NEXT,0.011532292768813946
กับข้าวกับปลา,0.011522144976402563
CORELLE,0.011464400529159412
PANPURI,0.011433681294063348
STUDIO7,0.011398710603594351
PLAYGROUND,0.011361525161072262
HENNEY BEAR,0.011310662132960166
OASIS,0.011284958095677275
RECYCLE DAY,0.011246841180709139
KIDZOOONA,0.011200108778384774
TOPS CARE,0.011186983075017457
KIKO MILANO,0.011147300764764678
RAINBOW JEWELRY,0.011147300764764676
SAMSUNG SERVICE,0.011127339120420325
โอ้กะจู๋,0.011127339120420323
SESAME STREET,0.011125157127567965
GATEAUX HOUSE,0.01107086212878669
GILI,0.01105108031202357
EXPORT SHOP,0.011046897900012504
DANDY COSMO,0.011032551530388436
TAKEO KIKUCHI,0.011032551530388433
LENS & TIME,0.011026521652818056
EASY BUDDY,0.011025210665029508
BUTTER SCOTCH,0.011023091815486373
FIFTH AVENUE,0.01098587635118049
NATIVE,0.010969550985316642
ROAV,0.010969550985316642
TOMS,0.010969550985316642
THE ALLEY,0.010942770726849708
ROBOROCK,0.010942770726849706
NEXT PHASE,0.010941077266523056
KHUNPOOM,0.01093209022964104
MORIGIRL SEASON,0.01092978989960888
JAYMART IOT,0.010928036336236508
ACE,0.010918917044561513
PRETTY G,0.0109118949721786
NITID,0.010911894972178598
SAFARI,0.010911894972178596
BEAUTY BUFFET,0.01090807967040065
PACAMARA,0.010904548116989826
MOMCO,0.010876864218930544
BAA BAA SHEEPZ,0.010872292349255951
LUXE SWIMSUIT,0.010835809981444997
SIHOO ERGONOMIC,0.010807088984955764
BEWELL,0.01080285759404109
REALME,0.010792971506043907
KARUN THAI TEA,0.010790901845354804
LEVOIT,0.010790892009988343
MARSHMELLOW,0.010790892009988343
SUUNTO,0.010790892009988342
BRATPACK,0.01079089200998834
BATMAN AND DC,0.010779670422831955
SKINY,0.010779670422831953
MASERATI,0.010754797598125488
LANVIN,0.010723604620220989
ก๋วยเตี๋ยวเจียงลูกชิ้นปลา,0.010703863897146162
SUNNIES,0.010660718241462416
MAMAS PAPAS,0.01065796317780177
URBANSNAPS,0.010606600617467174
FUKU MATCHA CROSS 2,0.010561402168252921
PAHKAHMAH THAILAND,0.010543596399642745
@FEELING BRAND,0.010543596399642743
Zodia,0.010543596399642743
HUG CRAFT,0.010543596399642741
The Herbaholic's,0.010543596399642741
VPADA SANDALS,0.010543596399642738
LAMUNN,0.010516597271843552
OPATRA,0.010478497704722187
MAGIC MIXIES HASBRO KIDDO,0.010470000189257539
MOTTA SHOP,0.010407254704819457
Kinujo,0.010367952343125455
PIUMINO,0.010367952343125453
HAFELE,0.010362071881613063
KIANI,0.010342532877153537
OUTDOOR,0.010332444216777554
FOCUS,0.010328939394107004
HARNN,0.010301509202893175
KOBE STEAK HOUSE,0.01023585172428999
UNGARO,0.010235648585547963
GASOLINE & GARAGE,0.01021007112391717
BUCK OFF DENIM,0.01016440478001992
MERREZCA,0.010149681776963458
DIESEL,0.010146561891914358
HOKKAIDO BAKED CHEESE TART/ SECRET RECIPE,0.01014407470481241
House of 15th.day,0.010141154606728436
G&G,0.010116912929157727
EUCERIN,0.010114194479744949
TENJO,0.010080254338327384
FUJI,0.010078136244455246
PET 'N ME,0.010059555777883318
FLAT2112,0.010002447693095773
SIAMMAGNET,0.009985493038162506
TROPICANA,0.009985493038162502
MARINA & MOM DESIGN,0.0099854930381625
SABAI AROM,0.0099854930381625
ITALASIA,0.009938601354698727
DANIEL HECHTER,0.009922892215086422
PHATARAMANEE,0.00986754487717979
BEME,0.009852749606411738
Yale Smart Shop,0.009817309110409145
STEVENS,0.009806854891148725
WONGNIMIT,0.009806854891148723
EYE LAB EXCLUSIVE,0.00980137775059827
MIHIMIHI,0.009778333456802223
THONG SMITH,0.0097740300887198
MAURICE LACROIX,0.009773069148014474
MRMEN LITTLE MISS,0.009773069148014473
TOCCO TOSCANO,0.009773069148014473
JENIM,0.009773069148014471
PURLI,0.009773069148014471
SONG FA BAK KUT TEH,0.009726206183964666
DIPOA,0.009703214039687507
PRESTIGE,0.009695820030012828
SHUYI,0.009673578909424177
Thonglor Art Village,0.009670131622339312
BOTANIFIQUE,0.00966721229872807
D.JEWEL,0.009646941811886491
PREMIER,0.00962317844564722
INTHANIN,0.009607910546462622
AES CLASS CLINIC,0.009595118988759229
PARKS TOY,0.009590135831514562
LAMY,0.009544420718073363
MICHAEL KORS,0.009523393301186497
CARS WD,0.009523377375483434
J&T EXPRESS,0.0095231929718977
THE STEAK & MORE,0.009501770399853436
COMBI,0.0094739577987578
GUSS DAMN GOOD,0.009455487408839388
THULE,0.009447893280031231
SHAPER,0.009429307049796165
CENTRAL LOVE THE EARTH,0.009429307049796163
FISHER PRICE,0.009429307049796163
SOFT,0.009429307049796163
BIALETTI VOGUE,0.009429307049796162
ANONA,0.009399720505356134
UP&UNDER,0.009396912425693935
DEBLU HEALTHY WALK,0.00935587129478515
AIAOON,0.009350712390319607
PIZZA HUT,0.009346596541758337
JOLLYNN,0.009333260673124778
JBL CREDIT,0.009331485138253095
LE PETIT PUMM,0.009320744471449911
HARBOR LAND,0.009285256971179176
TM TOYS MART,0.009284954652999123
4M KIDDO,0.009272350242881445
NAISNOW,0.009272350242881445
DTAC,0.009261317815904297
ร้านทุเรียนลุงมาด,0.009260521566296134
AZTIQUE,0.00925087826196292
SWEET SENSATIONS,0.009222852485540667
DISNEY TOYS,0.009209238238214842
PYNPY,0.009198870941319031
ASA SERIVCES,0.009150216662142831
YACCOMARICARD,0.009135168949880583
LIVIA,0.009131128725169012
RUNWAY ITEMS,0.009129237732613836
BIBS,0.00911037972807992
SUPER SOSO,0.00911037972807992
VIKTOR&ROLF,0.009110379728079918
PRADA,0.009110379728079916
TOPS DAILY,0.0090994290157353
KUMON,0.00908646777121946
SHOKZ,0.009085322789598943
BIBI,0.009057502904711197
SIKU,0.009057502904711193
CRAZY STEP,0.009036460481025644
HEDGREN,0.009010869049910114
HAAB,0.008906853431083333
RHYTHM,0.008905146144079192
POKEMON TOYS KC,0.008895394100590487
DOLLAR BOUTIQUE,0.008874504085742583
CLICKROBOT,0.008869498630737696
JUNG SAEM MOOL,0.008864953493654829
AKKARA BANGKOK,0.008811154528300464
YOLE,0.008811154528300462
JOOLZ,0.008733673433853084
EXPERT WATCH,0.008727621766027874
ELAVA,0.008721338849164359
MAMA TALES,0.008721338849164356
LAGRACE CLINIC,0.008712927541944344
TOYOX,0.008683361975782981
ZELYN,0.008634931130540823
BOSCH SM,0.008609034364284372
THE TRAVEL STORE,0.008573458708784416
SWASH,0.00856941553419389
DIVOOM,0.008552209423970331
BOSCH,0.008544107558647275
Siamphuthai,0.008508925527362097
TAITIER SOAP,0.008508925527362097
WALKER,0.008445820833949232
Insta360,0.008444203655416633
AREEYA FASHION DESIGN,0.008436543575598145
แม่ทองสุก,0.008420538866434034
OCEANA,0.00840530109770774
KANE,0.008382820271002357
SPIN,0.008363044211928015
CHATRAMUE,0.008356881844215135
MMIX,0.008315053786533556
425 DEGREE,0.008308756680108612
NOO YOO,0.00829541136823552
CREATE ION,0.008236573536044588
YUME MATCHA,0.008236573536044586
PASTA AMA,0.008193109703117327
SUIT SELECT,0.008193109703117325
PROOFS,0.008168573776962092
LT FISH RESTAURANT,0.008155418359826621
ก๋วยเตี๋ยวเรือกลางกรุง,0.00813577168872533
NEWRAY,0.008126473264638822
SANTAFE' STEAK,0.008118332533006279
YOUNG TOYS,0.008105723857620265
Ayatana,0.008098633848807251
JESSUP BEAUTY,0.008081349396757904
SALOMON,0.008069272976606623
KARMART,0.008039779005962578
BEGIN,0.008014743165202511
ERAWON,0.007980459703816634
YODCHA,0.007968903716079563
CAROLINA LEMKE,0.00795567956179736
HAKAN,0.007924742219399374
LG ELECTRONICS,0.007886909185252537
PETKIT,0.007873535053147819
TALON,0.007870339276155137
SIAM LASER CLINIC,0.007840685667469104
EAT AM ARE,0.007839777461973776
C&D,0.00782068694176266
LE COQ SPORTIF,0.007806840147117123
Luxury หมอนโรงแรม 6 ดาว,0.0077930006752536815
ONITSUKA TIGER,0.007761232745354263
S&P BAKERY,0.007753192274896061
LUXURY29,0.007730771716732924
Mahanakhonbkk,0.007694861682700565
LELE JUICE BAR,0.007693342722192192
REEBOK,0.007682910865314982
S&S TIME SERVICE,0.007657070625447847
MATH TALENT BY DR. YING,0.007654816248218745
NITORI,0.007521523986399139
LEGO CERTIFIED STORE,0.0075204543119257216
SOLESO,0.007514372275010005
LITTLE REDFOX,0.007505153652128688
YONNY,0.0075043034934934175
BHC CHICKEN,0.0074861385942825605
YOLK,0.0074861385942825605
BEYOND D-BOX,0.0074857003695550095
CHAANG OCARINA&POTERY,0.0074835085000942644
MARITHE FRANCOIS GIRBAUD,0.007481474391975796
GSP SPORT,0.007461634454351902
GONGDID,0.00743338110729426
CURIOO KIDS LANGUAGE SCHOOL,0.007427740576205853
KOMONOYA,0.007402252414250763
ALDO,0.007397079852216301
WARA,0.007391852831185116
D'ULTIMATE,0.007379415465175954
หยกสด,0.0073551747725877714
HYBRID,0.00733910156818809
AMARA Handmade,0.007333780922552019
PACHARA,0.007333780922552018
NINLANON COLLECTIBLES,0.007333780922552017
Feelfin Thailand,0.007333780922552016
Postcardcube,0.007333780922552016
ANANTA,0.007330158894901405
ATM KRUNG THAI BANK,0.007304970585301709
SANDOZ,0.007300061989914633
OTTERI WASH & DRY,0.00727908101952196
Better Vision x TRSC,0.007210183374691117
REBECCA LIMS,0.007167326512107989
ART TOYS KOMBINERY,0.007167326512107988
CARNIVAL,0.007167326512107988
CHICHA San Chen,0.007167326512107987
CRAYON CHINCHAN,0.007167326512107987
IPSA,0.007167326512107987
TWENTYSECOND,0.007167326512107987
AUGUSTINUS BADER,0.007167326512107986
GUERLAIN,0.007167326512107985
CATERPILLAR,0.007167326512107984
SAMO ONDOH,0.007167326512107984
SUMMERLOVE,0.007167326512107984
SHU UEMURA,0.0071673265121079835
MARWELL,0.007155562812277413
AEROSOFT,0.007146617963528351
SUKHO,0.007137092274727052
RANDY,0.007131793203261394
TIFFANY&CO,0.007127460688506884
CLAY WORKS,0.007111110852115574
MISS SIS,0.00710461347923167
BOOM BOTTLE,0.007075797553560113
POLICE,0.007075797553560113
SLUMBERLAND,0.007075797553560112
PAHKAHMAH,0.0070597932439527625
DESTINY CLINIC,0.007049535195646792
AQUAFLASK,0.0070483627923041935
VERONIQA,0.007041563450021869
ILY-I LIVE YOUNG,0.007041563450021868
2ND STREET,0.007039301325389845
CITY MODE,0.0070322561879381205
DOOKKI KOREAN TOPOKKI BUFFET,0.0070322561879381205
LASSIE DECOR,0.007000754632732226
SF POP BOOTH,0.00698093519530199
AVOCADO,0.006973676979416503
Have A Hug Studio,0.006969763025543784
Dawood Voyagel Travel,0.00696976302554378
SPEEDGEAR,0.006969483922761812
Vocalize Singing Academy,0.006961272538689268
COSSMOSS,0.006956535710874916
WARRIX SPORT,0.0069481863470357156
NEEDLEWORLD,0.006938930941321768
TAW&TOE,0.006910762444077895
CHARLOTTE TILBURY,0.006910762444077894
CLICK GLASSES,0.006910762444077894
AMBER,0.0069107624440778925
CAMPER,0.0069107624440778925
GUCCI BEAUTY,0.0069107624440778925
TAG HEUER,0.0069107624440778925
KAWAI,0.006910762444077892
THE ARTIST COLLECTION2,0.006901937087389457
MINIMELTS THAILAND,0.006901497551928237
AGLAM,0.006894125675950638
I LOVE MYSKIN,0.006884139508294182
ANASTASIA MIARAY,0.0068548123044315625
SEEK 'N KEEP CLUB,0.006854812304431562
MOCCA,0.0068390733444891145
POLO RALPH LAUREN,0.006821628819957921
ปั้นคำหอม,0.006817257711882532
Seagull,0.006810501481185068
MIX SELF,0.006799845685175199
DHL EXPRESS,0.00679884893510598
DIAMOND FOR YOU,0.006798515011331195
KIKI MATCHA,0.006793943099027959
CANTEEN 2,0.006762187992512767
CASE CLUB,0.006745652579290024
JUST IN CASE,0.006745652579290023
LAB LIBRARY,0.006732430387624486
Z KOREA,0.006723064719911964
ALPAKA,0.006719712901487506
MY LADY BY BAIFERN,0.006715212907397123
KISS ME DOLL,0.0066831862101197894
SOMTAMนัว,0.006683186210119789
JAY CHIU,0.006681163732571394
ZHOU LIU FU,0.006681163732571392
OKUNG,0.006672572217689235
Kongthong 88,0.0066577244485194215
MIYAZAKI,0.006631251812133362
DE PRECO,0.006626315309260979
PANG CHA BY LUKKAITHONG,0.006617353355252822
MA CHANDELLE,0.006617353355252821
Aura Bangkok Clinic,0.0066173533552528205
USMILE,0.00661735335525282
CASEHARDEN,0.0066132343272781065
COCCINELLE,0.006602941431296317
MONGKON GOLD JEWELRY,0.00657263432392946
The Hope Silver Jewelry,0.006561535750611593
Hugcraft Shopping bag,0.0065615357506115905
PAPAYAYA THAI,0.006561535750611588
D THAILAND,0.006561535750611587
COSMOS & HARMONY,0.006561535750611586
HITORI SHABU,0.006527975649620357
BAGNIFIQUE,0.006512746163818838
PROFESSIONAL WATCH SERVICE,0.006512746163818832
CHAT,0.006492410974610403
KITCHENAID,0.006492410974610403
AJMAL,0.0064924109746104025
CDS,0.006484076059879375
MOB,0.006440351434093492
JANSPORT,0.006440351434093491
SMELL LEMONGRASS,0.00644035143409349
TOMMY JEANS,0.0063948310110025445
BABY BJORN,0.006394831011002544
SRIWANNA,0.006391596000580945
NAIL CLUB,0.006376007139912709
ERGO,0.006334020996081328
DARAKA DIAMOND,0.006334020996081327
DOLCE GELATINO,0.006334020996081327
SABOTEN,0.006319388808656315
CHJ JEWELLERY,0.006286976840724815
EWW. IT'S TOO CUTE,0.006275731569422435
Terra Pafe By Goodly,0.006263982922707468
TOT,0.006223763305032228
YOU&I SUKI,0.006206233265398913
KATE,0.006166904286103321
CERES,0.006149870811489149
OAKBERRY,0.0061498708114891484
VITALS THAILAND,0.006149870811489147
MAESRIRUEN,0.0061373408566283705
MALYA Perfume house,0.0061255249088102495
LUXORA'S PERFUME,0.006104381020456271
NU SPORT,0.00608283298597842
JOINUS,0.006082832985978419
BOSS TIME,0.006041037030642975
SLIM UP CENTER,0.006033680468774147
PROMISE,0.005984026927664783
Siam2go,0.005938014891204379
Sook at Thai Closet,0.005938014891204378
Sendai studio,0.005938014891204376
ME PHENOMENON,0.00593649935824779
HANABISHI,0.005919947449061162
MISTER EYES,0.00591994744906116
SANDT,0.005910670817762769
KAMIKA,0.00590725004866557
GAZE,0.005852200187114326
TG EXPRESS,0.005842358244534458
ร้านนายอินทร์,0.005840204323753283
DR.SMOOTH LIFE,0.0058283598378197675
TIME SERVICE,0.005813047055712545
OLIVE,0.0057958145838127185
AETREX,0.005730049069193654
APPLE SHEEP,0.005715991827141904
WAKINGBEE,0.005701331530098291
CRAZY&CRAZY,0.005670264754827202
MIDDLE CAT,0.005622461963254206
TRUE SPHERE,0.00558568847666081
SSOLE,0.005567176270767344
MI.NA.TA & FRIENDS,0.005532456374253632
KRO TRON,0.005522594202810157
MX CAKES & BAKERY,0.005474212103285549
GURU,0.005471650229805392
HIGHSCHOOL SPORT,0.005470050873826447
VACRAZY,0.005459514746302347
SAISALANG,0.005392984718797792
SAISAMORN,0.005392590983256579
RUBY CRUSH,0.005368829360897541
JETTS 24 HOUR FITNESS,0.005365663520310125
OISHI EATERIUM / โออิชิ อีทเทอเรียม,0.005325506750468236
KKV,0.005305963368911793
BONAGE,0.0052728254494367206
GAMBOL,0.005200080829286852
JOOM ZAP HUT/BAR B Q,0.005198880951858627
LA LA ROSE,0.0051726763107544805
CHATUPORN,0.005146005691210609
HERMES,0.005146005691210609
LEGO LITE,0.005146005691210609
OCEAN TOYS,0.005146005691210609
SANDRO,0.005146005691210609
GIVENCHY,0.005146005691210608
LITTLE EDEN,0.005146005691210608
MIFFY,0.005146005691210608
SCHOTT ZWIESEL,0.005146005691210608
SHIN CHAN,0.005146005691210608
SUKONTA,0.0051460056912106065
WARA JEANS,0.005145094051002722
FEEL YOUTH,0.005120971896362413
MOMOKO,0.005107753648652287
BEBEPLAY,0.005100400438782723
ไปรษณีย์ไทย,0.005081028489887821
COCO SUI.BKK,0.005071773868530676
ALL ABOUT YOU,0.005070011672878619
FIFTY NINE,0.00503183761739044
LUSTRO WARE,0.0050189480253567415
ATM BANK OF AYUDHYA,0.005011680516642841
PHYTO,0.004974648184706082
LUSH FRESH HANDMADE COSMETICS,0.0049647958293079575
LA PRAIRIE,0.004944860139852257
HQ SPORTS & TRAVEL,0.004923915761021662
ECLIPSE,0.0049237379755293015
COCORO HANAKO,0.004923737975529301
IWAKI,0.004923737975529301
APPLE MONKEY,0.0049237379755293
MEGA BLOCKS WD,0.0049237379755293
TOVOLO,0.0049237379755293
OWL CHA,0.004907530806557438
PAN CLINIC,0.004900531300217414
PLAYMOBIL CR,0.004900089119791313
CHABATREE,0.00488782738429987
VALENTINO,0.004879419296300644
ZODIA,0.004879419296300644
THAI TIME,0.004879419296300643
CHANGTHAI,0.004879419296300641
ELEPHANT PARADE,0.004879419296300641
MICRO,0.004879419296300641
TANWA,0.004879419296300641
NAMON,0.0048794192963006406
BLING20,0.00487941929630064
LITTAL LADY,0.00487941929630064
RATCHANON,0.004876890187753101
MARIA VICTORIA,0.004873496287892751
Photovibes,0.004865077784412453
VALERA,0.004849919761196591
สถาบันสอนภาษาและคอมพิวเตอร์ อีซีซี,0.004843579948192507
MIRA,0.004835217436429544
DS,0.004829073943147322
DRESS PRODUCTION,0.004802840465138172
WONDERWORLD,0.004765303628429601
NS,0.0047653036284296
TENMA,0.0047653036284296
SOLEX,0.004765303628429599
RONA,0.004734397569215408
CHEFN,0.004734397569215406
FFASHION,0.004734397569215405
MELLOW,0.004734397569215405
WAGASHI ขนมญี่ปุ่น,0.004723137769905363
LAUGH,0.0047134280622313915
THE GADGET,0.004701414745341528
ROYCE & JALUX CORNER,0.004701414745341527
MIKUCHA,0.004680261504838832
LIVING SOLUTIONS,0.004678750295582211
AMILA,0.00467875029558221
TANDY,0.004657901494026582
SCOTT JUMP,0.004654931349087836
INFINITER,0.004630080989755011
CANTEEN 1,0.004623383459757904
PROMAN,0.004619520649784153
D'ARTE,0.004594991405859819
UNDERGROUND SALE,0.004594289337076956
STEPHEN JOSEPH,0.004580968940934328
QUINN,0.004580968940934327
PETYE,0.0045809689409343265
ITOKIN NICE CAREER,0.004570030697615978
MEZZO,0.0045452692741188225
HOW,0.004511825147635356
ECLAT,0.004480309804797843
KITO,0.004457542256920538
MASTRAD,0.00444301538154221
MILK PLUS & MORE,0.00444301538154221
MISTER FOX,0.00444301538154221
BABY&CO,0.004443015381542209
TASTY MATE,0.004443015381542209
VCARE,0.004443015381542209
FOODTOGO BY TOPS,0.004381737987097056
BLESSING,0.004370877299428416
RESTER,0.004368478412528937
VITSAVA NOODLE,0.00435612992415753
ROSEGREEN,0.0043419682221946445
INLINGUA,0.004323925730925695
SANBAO OIL,0.004288509181685063
INH,0.004288509181685061
SUKISHI KOREAN CHARCOAL GRILL,0.0042510949340149335
MIKI MIKI STORE,0.0042405147035823754
MILK KIDS' SALON&NAILS,0.0042354795852648595
BLUE CORNER,0.004234623274969064
AUGUST TOYS,0.004229816234870673
NALANNS CRAFTS,0.004223009589070914
สลากเศรษฐี,0.004202364496714285
ZOOM CAMERA,0.004182891020813732
ONGSA MOBILE,0.004176585146056153
I CONNECT,0.004176585146056151
BASEBALL,0.00416937442767781
HI-SHIELD,0.004128322083321573
ANOLON,0.004047874073412878
ELLE DECOR,0.004047874073412878
MITSUMARU,0.004047874073412878
WONDERCHILD,0.004047874073412877
MELLOW PLANET,0.004042105394757406
NAIL IT,0.004036099687496556
KARIS,0.004026472690873803
SNAP SENSE,0.003933446206084342
ARENA,0.00391362568077013
MCDONALD'S,0.0038859908323270434
LITTLE BABY,0.003880311523745876
WALL STREET ENGLISH,0.003830594581344099
PAN DERMACARE,0.0038288624303700466
ELISEES,0.0038288624303700436
DRESS CODE,0.0038288624303700414
CALIIICO SHOP,0.003791879538959296
CHILLICHIC,0.0037915539461833613
REXXROOM,0.003782943561718676
LAFEE,0.0037618961413093373
FEERIQUE,0.0037618961413093347
PRIME BURGER THAILAND,0.003748392675809801
ULTIMA II,0.0037169546260415126
3 BROTHERS,0.003706795011861615
HAP,0.003683057845299427
MARMORIS,0.003683057845299427
BESIDEU,0.0036711948791369286
ELITE,0.0036711948791369278
OH O,0.0036653982943375104
Melody Karaoke,0.003657510209776678
Go Pop,0.0036575102097766744
JETRIYA,0.0036449090741434245
ROSE JEWELRY STUDIO,0.0036222671096134947
เก้าอี้นวด เอสเคเอส,0.0036179471022954887
CANTEEN 3,0.003609549138498979
MIX ME,0.0035894468778550747
S&P RESTAURANT AND BAKERY,0.0035593327986081853
สลากกินแบ่งรัฐบาล,0.003540963126335879
Bio Serum Aromantin,0.0035409631263358774
YENSAWAN,0.0035403715084274924
PARK TOYS,0.0035276761222948812
HARU FILM,0.003523613313672575
OKsis,0.003519049064063118
CBG DEVICES,0.0035171091348675104
MOODS,0.0035171091348675083
PREM BAG AND CLOTHES,0.003516515444116522
SMILEY,0.003516180971811039
PET LOVERS CENTRE,0.0034808658784721545
PEPPA PIG HASBRO KIDDO,0.0034782429038540483
OUTDOOR BOTANICA BY ELEMENT 72,0.0034408884228212277
GLASSAHOLIC,0.00339290590957142
CRITICAL SLIDE,0.003391559960264541
LEE WRANGLER,0.0033529339877778445
LAMOBI,0.0033523730473299595
BOVY,0.003352373047329957
MELISSA,0.003350455704925762
OLIVIA,0.003335294970973262
Mandarin Suki & Dimsum Halal,0.0033352949709732605
TIMBERLAND,0.0033304457563083406
BENICIO,0.003329703487503265
KEY & SHOES SERVICE,0.003294615311089683
SUBWAY,0.0032618743991839768
BLACK PEARL,0.0032557558424935497
ROBINSON,0.0032206734314383545
PHUTAWAN,0.0032120141148615894
SEOUL SOCIETY CLINIC,0.003200132293512509
CPS COFFEE,0.003174852754032884
FOOD HALL,0.003174852754032881
GIZMO,0.0031157657477468596
T.TIME,0.003100425508483924
LENSKART,0.0030807674555567003
THOMPSON,0.0030797764720975436
MOLLY TEA,0.0030473740011256706
U DIAMOND,0.0030385415660468596
GRACO,0.0030038676089273685
EMILIO VALENTINO,0.002991813358063876
SHANE ENGLISH SCHOOL,0.0029787395030609594
TTN,0.0029691166238946442
GOVERNMENT COUNTER SERVICE,0.002959825538589864
นวดน้า,0.0029560244519243463
AEON,0.002948143693969715
BAAN & BEYOND,0.0029412907455949283
THONGSUAY,0.002924004797344973
DOSH (DESCENDANT OF SUPERHEROES),0.002908821249741586
E-QUIP,0.002897077731860702
MINX,0.002886297865395813
MERIDA CLINIC,0.002864246497016325
AI-CHA,0.0028210686799754257
ตลาดจริงใจ,0.002798444372167916
Superb brandname,0.0027323282512532574
JEWEL CAFE,0.0027323125769147844
TOP SHOES,0.002693169593827597
BALMY INHALER,0.0026705260990352135
BAGGAGE LUGGAGE,0.0026656984674427405
WONDER PHOTO SHOP,0.0026387775412129817
Coco Walk,0.002638730187326161
WALL STREET,0.002615140273196419
เซนทาร่า วิลล์,0.002613536894652904
SUPER RICH CURRENCY,0.002565041791930001
Bowcake,0.0025372665489022264
KATSU MIDORI,0.002534632171523373
@MEDICAL CLINIC BY หมอไก่,0.0025233539573177844
KAYAJIT,0.0024721483853718126
KAEJI99,0.0024695979013576817
HIT GALLERIA,0.002469597901357681
BANGKOK BOOTERY,0.002458401042628304
TAI TIER,0.002458401042628303
ISOMARE,0.0024474116124307698
YODYOKO,0.0024474116124307685
360SWIM,0.0024474116124307676
ANUROJ,0.0024474116124307667
COOL X MINIMAL,0.0024474116124307667
JOG,0.0024474116124307667
@SEA,0.002447411612430766
PUFF,0.002444502110400575
PAINT N PLAY,0.0024169681876727786
SAMEROS GALATO CAFE,0.0023792836468308556
MANFAIR,0.0023743746545667253
KIDZ & KITZ,0.0023743746545667236
COOL MAKER,0.002374374654566723
ONLY ORGANIC,0.0023743746545667223
TOP MODEL,0.002374374654566722
คาเฟ่ขนม BY GOT,0.002374367924171542
DECEMBOY,0.0023732424304681787
FOTOBOOTH,0.002367919726926753
CURIOO,0.0023593378158636583
EARDOTS,0.0023551252030441037
ILY,0.0023325107824882806
BABY MAI AR,0.002325494959684148
CANDY LAND,0.002287297991264123
CN WONDERLAND,0.002284865385058171
MANGO SIX CLOTHING,0.002284772560506218
YOUR FACE,0.002284772560506218
JAPARA,0.002281750498208208
HOUSE OF THAILAND,0.0022684654542256067
STARDUST Jewelry,0.002268465454225606
KAMU SPECIALTY,0.0022600367690431772
LEHAHA LANZHOUN,0.0022587647297158263
AURORA DIAMOND,0.002243190882714393
GOVERNMENT CENTER,0.002239368742595276
SWATCH,0.002235452959635284
TOYS R US,0.002235452959635284
GINZY HEALTHYFOODPRODUCT,0.0022268052328920326
HATCHIMALS,0.002221133899220128
ไร่กาแฟขี้ชะมด BLUEGOLD,0.002212461941416217
CSC,0.002207555024011022
GOOD GOODS,0.002201171016229815
Bkkayy,0.0022011710162298135
KUMO LAB,0.0021929949153240173
MATTER MAKERS,0.002182247095236388
LUXURYหมอนโรงแรม6ดาว,0.0021775913443774168
MAKOTO AND MISTER ROBOT,0.0021619401914149813
Underdome,0.0021602608773278694
KRUA MUANG VE LAO-YUAN,0.0021460891262042345
ALLDAY SHOES,0.002114003173968851
YUEN KEE,0.0021122538307655325
CASE TOWN,0.002112253830765532
SUSHI EXPRESS,0.0020927886187807297
THE TOUCH WELLNESS,0.002083497242645699
HI SHIELD,0.0020531150882129056
WELB BABY MAT,0.0020470184436555097
LOTTERY,0.002043938541475226
LUNVO,0.002036995479647938
URBAN SENSES,0.0020339520434073917
MAMSA,0.0020318342590872093
ตำหนักทอง ๕,0.0020255815438860727
AT MEDICAL CLINIC,0.002016123694479165
PHONE HOUSE,0.0020015869360581386
WG,0.0020008034546048934
FOREVER FLAWLESS,0.0019917014677146598
SIAM MAGNET,0.0019876716442772313
SOM,0.001987013093694527
ก๋วยเตี๋ยวเรือหลานตาเพียร,0.001982884233955063
O SPORTSWEAR,0.0019775709285902907
MONOBO,0.0019696785184641257
YING MOBILE,0.001968309965092459
HONAJI RAMEN,0.0019548082013768637
C P S,0.0019528709093632787
CHARMING,0.0019311733440706906
EARTH,0.0019281213206113273
หอแว่น,0.0019196406049850252
MYEONGRYUN JINSA GALBI,0.0019157982804228247
CHRISTSIANO,0.0019079085848112778
GOOD TIME,0.0019027001000235977
KAREN,0.0018999563495928123
OPPO SERVICE,0.001892729100713207
MERREZ'CA,0.0018879189513117238
baan cake by nunan,0.0018826750234927235
KITTIN,0.001877320061262714
MOBILE PHONE,0.001865152269957931
INFINITY CLINIC,0.0018629602751873721
JN STUDIO,0.0018554661809236227
BOARD GAME EVERYDAY CAFE,0.0018525476783022104
PIM@POST,0.001851738258360615
BUAKAWGALLERY,0.0018414175767366584
FLASH NAIL,0.001836979339350208
MINKKI ICE CREAM  TEA  BINGSU,0.0018344317818178016
L'CLINIC,0.001830269897058496
HASUL,0.0018294404435041545
KYO ROLL EN - CAFE' & MEAL,0.001829440443504152
CHABA NAILS & EYELASHES PRO,0.001829440443504151
VIRGIN ACTIVE HEALTH CLUBS,0.0018272019993291983
SHOE BAR,0.0017904369523154041
SF BRANDNAME,0.001790003481601426
SEOULSHIRTS,0.0017773204051183382
Pornmaya,0.0017618065339645255
SIGNATURE P,0.0017560514702929162
SWAN,0.0017560514702929149
GONG CHA,0.0017500559234889337
EYELINK OPTIC,0.001743279236384795
KEDMA COSMETIC,0.0017391034295598808
keychron,0.001728704567466986
PENGUIN KNIGHT,0.0017269240974885766
PLOYRADA CLINIC,0.0017230416522280325
MILLI,0.0017192601281493275
LUCKY,0.0016981649606151632
EVERYTIME BY NUMSHA,0.001690104067278178
BRUTUS SPA THAILAND,0.0016878510865890662
THE LAB,0.001680871927397119
NINETIES,0.0016805835200212483
QQ HEALTHY DESSERT,0.0016678099535365372
LEMBIC,0.0016650412370824896
GINGER FARM KITCHEN,0.0016559227185478174
KUMO CREATIVE STUDIO BY CLAYWORKS,0.0016546031284456909
CHOI'S TAEKWONDO,0.0016546031284456878
THE RITZ CLINIC,0.0016530178284011445
SMOOTH LIFE,0.0016526915170509448
BELUGA,0.0016498782336520678
GEMS HERITAGE,0.0016472692284801359
MIRUKU PAN-YA,0.0016472692284801359
เบิร์นบุษบา,0.001647269228480135
REST N GO เก้าอี้นวด,0.0016440151422261783
KA-NOM,0.001630481136413948
NOBICHA,0.0016272446824300612
BELLE SOCKS,0.0016225247712229982
ปอก-โท-สับ,0.0016180084364725848
COMMON STUDIO,0.0016179695913055149
Eco Ring บริการรับซื้อสินค้า,0.0016098060969804452
LORPOR,0.0015906573675091003
SUNRISE TACOS,0.0015831362963984407
SLC CLINIC,0.001582512801887343
HELLO MOBILE,0.0015745486399163166
เยาวราชกรุงเทพ,0.001553148012441053
MUDEE,0.001539564523875751
Hair's Place,0.0015365358813841034
OISHI BIZTORO/โออิชิ บิซโทโระ,0.0015346164868703979
KIDS NINETY9,0.0015322412597038161
CURLY CUT,0.001528587871078502
IT CITY MOBILE,0.0015192094288956285
MILALA HANDMADE,0.001517528400690281
SUSHI HIRO,0.0014948235815693477
อันเกิม อันก๋า,0.001492962796146888
YOGURT LAND,0.0014929627961468874
TAN TAN,0.0014794097118404086
SFX CINEMA,0.0014775254834779638
FOOD PATIO,0.0014589342197403661
HAIR D'CRAFT,0.0014538572808449812
TADA,0.0014461171936028757
HOKA,0.0014374803647423876
O&B,0.0014374803647423874
KENNETH COLE,0.0014374803647423872
GEOX,0.001437480364742387
SAEMAEUL EXPRESS,0.00143679270707775
embroidererbangkok,0.0014260288782420932
หมูปิ้งนมสด,0.0014170958001015115
PAUL SMITH,0.00140907783310681
KROTON,0.0013947771992881795
WATAPO,0.0013860210633293065
ING TARN THAI MASSAGE,0.0013793075204747804
TOMORROW,0.0013695803202745521
SANTAFE STEAK HOUSE,0.0013613908871763806
LITTLE TOYS,0.0013346932657142588
WISH WELL PHARMACY,0.0013305240817568292
ORIK STREETWEAR,0.001330165792382205
MR. BAG FIX,0.0013214985672761843
VAN SERVICE,0.0013153252232391457
CHU'TY,0.001313796177493177
LUCKY PHONE,0.0012966974527637719
I SERVICE,0.0012937634721369277
RE IT,0.0012894423786030823
PLAY SOUND,0.0012747741107201514
NXN TECHNOLOGY,0.0012673904855480865
BEARBRICK,0.001264577457939616
LAPAIRE JEWELRY,0.001264577457939616
I SMART,0.001250220014739449
LAMUN,0.0012388104726772965
MARRY GEMS,0.001238810472677294
ZHANG LIANG,0.0012326756637198945
CITY CHAIN,0.0012323595134731782
BUASUWAN,0.0012298538421010154
ผลไม้,0.0012277558463981199
FRESH ME,0.001217024563836352
IKON,0.0011993243629805112
KOO HOO DIARY,0.0011530446470432573
P PROM,0.0011250122183962404
BOOMERANG,0.0011161347593316034
SPORTY & RICH,0.0011026004386465347
HIKINIKU TO COME,0.001102600438646534
RALLY MOVEMENT,0.0011026004386465338
STANLEY,0.0011026004386465338
TOPOLOGIE,0.0011026004386465336
WARDROBE MINISTRY,0.0011026004386465334
LEILA AMULETS,0.001102600438646533
PLERNJAI,0.0010973022066029592
JONGJAROEN,0.0010973022066029581
FUNDAO,0.0010219995095173222
OMAKASE DON BY TEPPEN,0.0010219995095173218
YAOWARAJ KRUNGTHEP,0.0010022626145352316
KASIKORN BANK,0.00100226261453523
BANGKOK BANK,0.0010022626145352299
HACHIBAN RAMEN,0.0010022626145352299
BANK OF AYUDHYA,0.0010022626145352294
GOVERNMENT SAVING BANK,0.0010022626145352294
SIAM COMMERCIAL BANK,0.0010022626145352283
LAMCHAROEN SEAFOOD,0.0010022626145352275
ARTEPOLE,0.0009752860020968516
OCYCO,0.000949848276545427
MIRABANGKOK,0.0009181246219657909
BEACHE ATS,0.0009158412310748583
MINIBOX LOCKER,0.0009100841886208592
LOHM,0.0009070849725476214
NICHIWORLD,0.0008930731566241237
MOKARU CHOUX,0.0008881640867451438
BOSS,0.0008761488918492157
KENZO,0.0008761488918492153
KATE SPADE,0.0008736711360013269
SNOOWING,0.0008708406561301124
JAYMART,0.0008585194915404767
ซินไฉฮั้ว,0.0007499118638492869
MIZUNO,0.0007188895813946686
KIEHL'S,0.0007128380083938506
VALUE PLUS CURRENCY EXCHANGE,0.0006949767084582644
VICTORINOX,0.0006944607557519529
TEVA / GOODR,0.000683746580105201
REPLEAT SPECIAL,0.0006782573254735853
REPLEAT BAGS,0.000678257325473585
LULULEMON,0.0006782573254735839
PRIMESWIM,0.0006782573254735836
AIS SHOP BY PARTNER,0.0006674067228666585
SOUTHERN COFFEE,0.0006567809198902834
WANGWAN,0.0006505707336057939
%ARABICA,0.0006437520606393926
@ NAIL,0.0006422709331498573
BEAUTY UNIQUE,0.000621947564406354
NARAYA,0.0006132136710509387
O-li-no,0.0005891668365079606
BIG CAMERA GALLERIA,0.0005814722174352887
BOTTOMLESS,0.000578677212232396
ROVING  FOX,0.0005734657453955946
bana playa,0.0005617695033183136
AROME BKK,0.0005617695033183135
CARISA,0.0005604325918964436
CALM OUTDOOR,0.0005604325918964435
TYMESCENTS,0.0005604325918964435
OMG BY SODA,0.000560432591896443
FLUFFLY OMELET,0.0005604325918964429
KUKU,0.0005604325918964427
COMMA AND,0.0005604325918964426
BLACKDOGBKK,0.0005604325918964425
REN,0.0005604325918964424
MUVA,0.0005604325918964423
DONTRUSH,0.0005604325918964422
COMMA AND SHOPPING BAG,0.0005604325918964419
HEX'A JEWELRY,0.0005604325918964418
KNIT.CIRCLE,0.0005604325918964418
LAC.COLLECTION,0.0005604325918964416
MEMORIESBRAND,0.0005604325918964416
NANA JITTANG,0.0005604325918964416
KINTO,0.0005604325918964415
COMMON UNTIL,0.0005604325918964413
LEISURE PROJECTS,0.0005604325918964411
ODDINARY,0.0005383003693839813
Troops,0.0004893175861660921
ADIDAS FACTORY OUTLET,0.00040225212130471353
TUMI,0.0003924570104364108
MIRA MADISON,0.00038691414388716187
